Haydon,1,C,7
Brunhilde,5,C,14
Britta,4,D,15
Kendra,7,C,16
Karena,7,D,3
Diahann,7,C,10
Rouvin,1,C,2
Ignaz,1,A,1
Tomlin,5,C,2
Kerri,5,A,2
Tuckie,4,B,16
Elsy,5,B,9
Reginald,7,A,8
Kiersten,1,A,8
Goran,5,C,9
Robena,4,B,6
Tome,7,D,16
Rorke,5,A,3
Travus,1,C,3
Thorstein,5,D,16
Tobe,1,A,16
Leola,7,D,15
Sosanna,1,B,6
Andrej,7,A,9
Tomasina,1,B,16
Neill,7,C,4
Hadria,4,D,4
Garry,5,D,15
Rossie,1,B,15
Carine,7,C,9
Eleanora,5,C,3
Kyrstin,5,D,14
Jemmy,7,B,16
Aime,1,B,5
Kath,5,A,9
Betti,7,A,10
Ethan,5,C,10
Irvine,7,B,8
Grazia,1,D,9
Gilemette,7,C,5
Nessi,5,A,4
Beatrix,5,C,11
Killie,5,D,13
Barbabas,4,B,9
Timi,5,A,5
Fanchon,7,D,14
Gayleen,5,A,6
Randall,4,D,14
Kimball,7,D,13
Elsie,5,B,1
Robinetta,7,C,6
Leelah,4,D,3
Florida,4,C,16
Diandra,7,C,11
Chaim,7,D,4
Brenna,4,B,3
Gram,5,A,7
Livvie,5,C,4
Vonny,4,B,4
Alanah,1,A,15
Cassondra,1,C,9
Saxon,1,D,1
Augustin,5,B,2
Almira,7,C,12
Felecia,4,D,10
Alisander,4,B,10
Lynnelle,4,B,5
Aloise,7,D,2
Hedwig,7,A,11
Eveleen,7,A,7
Lois,4,C,4
Meagan,4,D,11
Cosme,7,C,7
Domeniga,1,A,14
Guthrie,7,B,15
Loreen,1,D,2
Avrom,5,C,5
Cale,7,C,8
Ingar,4,C,3
Clarinda,7,D,5
Ahmad,5,C,6
Cad,5,B,3
Melisent,4,C,15
Marin,4,A,1
Nanine,4,B,11
Wendeline,4,B,12
Elita,5,D,7
Ema,1,B,3
Cybil,5,D,5
Gillan,5,D,6
Natale,4,D,9
Any,5,C,7
Norris,4,D,5
Alphonse,4,A,2
Gaelan,4,A,9
Philomena,5,A,8
Corbett,5,A,10
Ferdy,1,D,10
Rocky,7,A,12
Lucho,7,C,13
Emmeline,4,C,9
Miquela,1,B,4
Yetty,7,D,12
Nate,5,A,11
Rowney,5,B,4
Wade,1,B,11
Bat,1,C,4
Adam,7,D,6
Barb,4,C,5
Stephannie,4,D,6
Xenia,7,A,13
Zelda,5,A,12
Ike,4,C,10
Alexandrina,4,A,3
Ad,1,B,10
Harman,7,B,14
Gregorius,5,B,5
Peri,4,C,11
Evvie,4,D,7
Sara-ann,4,C,6
Madelene,4,D,8
Erastus,4,B,7
Jermayne,7,A,3
Modesta,5,B,6
Susana,1,A,13
Brent,1,A,12
Valerie,4,C,12
Kynthia,1,C,10
Valene,4,D,12
Becka,4,C,7
Hanny,7,D,10
Sherri,1,D,3
Umberto,4,C,8
North,7,D,7
Catarina,5,B,7
Pierette,4,C,13
Abram,1,B,9
Wadsworth,5,A,13
Allix,4,C,14
Theodosia,1,C,5
Parry,5,D,9
Helyn,4,C,2
Teddy,7,A,4
Sayre,5,B,10
Percy,1,A,7
Candida,5,D,8
Charlot,4,B,8
Sibelle,5,A,1
Bertie,4,B,13
Hart,7,A,14
Olin,4,B,14
Susy,7,D,8
Rosaline,7,A,15
Syd,7,C,14
Andeee,5,B,11
Margeaux,5,D,4
Derward,1,B,7
Stesha,7,D,1
Gerick,5,A,14
Chip,7,B,7
Willis,5,C,12
Alfie,4,B,15
Enrika,1,B,8
Lorry,1,D,4
Dorita,7,B,13
Shana,7,C,15
Anna-diana,1,B,12
Calhoun,7,D,9
Andras,4,D,2
Emyle,5,D,3
Leshia,4,D,1
Euphemia,1,D,5
Carolee,5,D,10
Isiahi,1,B,2
Perry,7,C,3
Web,1,B,1
Ariel,5,A,15
Britni,1,B,13
Korrie,7,C,2
Serena,1,D,6
Valentijn,1,B,14
Emmet,5,C,8
Prue,5,D,11
Rubetta,5,D,12
Land,5,D,2
Colene,4,A,10
Nat,4,B,2
Cecilla,4,B,1
Marja,4,C,1
Amble,7,A,16
Lacy,5,C,1
Gayla,1,D,7
Clarisse,4,D,13
Jaquelin,5,B,12
Lizzie,1,C,6
Issie,5,D,1
Arline,5,C,13
Howey,5,A,16
Aylmer,7,C,1
Marybeth,7,D,11
